"listing_id","update_time","listing_name","location_address","orgnization","orgnization_1","orgnization_2","orgnization_3","orgnization_4","orgnization_888","orgnization_1_desc","orgnization_2_desc","orgnization_3_desc","orgnization_4_desc","orgnization_other_desc","diversegroup","diversegroup_1","diversegroup_2","diversegroup_3","diversegroup_4","diversegroup_5","diversegroup_6","diversegroup_888","diversegroup_other_desc","listing_desc","location_x","location_y","location_desc","location_site","location_site_otherdesc","location_indoor","specialproductionmethods","specialproductionmethods_1","specialproductionmethods_2","specialproductionmethods_3","specialproductionmethods_4","specialproductionmethods_5","specialproductionmethods_6","specialproductionmethods_7","specialproductionmethods_8","specialproductionmethods_9","specialproductionmethods_10","specialproductionmethods_11","specialproductionmethods_12","specialproductionmethods_13","specialproductionmethods_14","specialproductionmethods_888","specialproductionmethods_other_desc","saleschannel_onlineorder","saleschannel_onlineorder_1","saleschannel_onlineorder_2","saleschannel_onlineorder_3","saleschannel_onlineorder_2_desc","saleschannel_onlineorder_3_desc","saleschannel_onlineorder_other_desc","saleschannel_phoneorder","saleschannel_csaorder","saleschannel_csaorder_1","saleschannel_csaorder_2","saleschannel_csaorder_3","saleschannel_csaorder_1_desc","saleschannel_csaorder_2_desc","saleschannel_csaorder_3_desc","saleschannel_csa_vendor","saleschannel_csa_vendor_1","saleschannel_csa_vendor_2","saleschannel_deliverymethod","saleschannel_deliverymethod_1","saleschannel_deliverymethod_2","saleschannel_deliverymethod_3","saleschannel_deliverymethod_2_desc","acceptedpayment","acceptedpayment_1","acceptedpayment_2","acceptedpayment_3","acceptedpayment_4","acceptedpayment_5","acceptedpayment_6","acceptedpayment_7","acceptedpayment_888","acceptedpayment_7_desc","acceptedpayment_other_desc","FNAP","FNAP_1","FNAP_2","FNAP_3","FNAP_4","FNAP_5","FNAP_888","SNAP_option","SNAP_option_1","SNAP_option_2","FNAP_3_desc","webscriping","lon","lat"
"300024","2021-01-26 08:30:18","Forest farmers market","15583 Forest Road, Forest, Virginia 24551",NA,NA,NA,NA,NA,NA,NA,NA,NA,NA,NA,NA,NA,NA,NA,NA,NA,NA,NA,NA,NA,"-79.285443","37.3643700","Behind the Library.","Local government building grounds;","Forest Library parking lot.","Entire time the market is open indoor;","Organic (USDA Certified);","1","0","0","0","0","0","0","0","0","0","0","0","0","0","0",NA,NA,NA,NA,NA,NA,NA,NA,NA,NA,NA,NA,NA,NA,NA,NA,NA,NA,NA,NA,NA,NA,NA,NA,"Debit card/Credit card;","0","0","0","0","0","1","0","0",NA,NA,"SNAP;Accept EBT at a central location;;","0","1","0","0","0","0","Accept EBT at a central location;","1","0",NA,NA,-79.2850176,37.3649912
"300156","2021-01-26 13:43:45","Salem Farmers Market","3 East Main Street, Salem, Virginia 24153",NA,NA,NA,NA,NA,NA,NA,NA,NA,NA,NA,NA,NA,NA,NA,NA,NA,NA,NA,NA,NA,"-80.058606","37.292997","On the corner of Main and Broad Street","Local government building grounds;",NA,"No Indoor;","Organic (USDA Certified);","1","0","0","0","0","0","0","0","0","0","0","0","0","0","0",NA,NA,NA,NA,NA,NA,NA,NA,NA,NA,NA,NA,NA,NA,NA,NA,NA,NA,NA,NA,NA,NA,NA,NA,"Debit card/Credit card;","0","0","0","0","0","1","0","0",NA,NA,"SNAP;Accept EBT at a central location;;","0","1","0","0","0","0","Accept EBT at a central location;","1","0",NA,NA,-80.0586535,37.2928204
"300467","2021-01-07 06:40:36","Wytheville Farmers Market","210 W. Spring Street, Wytheville , Virginia 24368",NA,NA,NA,NA,NA,NA,NA,NA,NA,NA,NA,NA,NA,NA,NA,NA,NA,NA,NA,NA,NA,"-81.083367","36.9486397","Downtown Wytheville","Local government building grounds;",NA,"Entire time the market is open indoor;","Organic (USDA Certified);","1","0","0","0","0","0","0","0","0","0","0","0","0","0","0",NA,NA,NA,NA,NA,NA,NA,NA,NA,NA,NA,NA,NA,NA,NA,NA,NA,NA,NA,NA,NA,NA,NA,NA,"Debit card/Credit card;","0","0","0","0","0","1","0","0",NA,NA,"SNAP;Accept EBT at a central location;;","0","1","0","0","0","0","Accept EBT at a central location;","1","0",NA,NA,-81.0839177,36.948518
"300469","2021-02-01 14:02:01","Grandin Village Farmers Market","2080 Westover Ave SW, Roanoke, Virginia 24015",NA,NA,NA,NA,NA,NA,NA,NA,NA,NA,NA,NA,NA,NA,NA,NA,NA,NA,NA,NA,NA,"-79.978064","37.265053","Located in the large parking lot behind the Grandin CoLab","Private business parking lot;",NA,"No Indoor;","Organic (USDA Certified);","1","0","0","0","0","0","0","0","0","0","0","0","0","0","0",NA,NA,NA,NA,NA,NA,NA,NA,NA,NA,NA,NA,NA,NA,NA,NA,NA,NA,NA,NA,NA,NA,NA,NA,"Debit card/Credit card;","0","0","0","0","0","1","0","0",NA,NA,"SNAP;Accept EBT at a central location;;","0","1","0","0","0","0","Accept EBT at a central location;","1","0",NA,NA,-79.9800975,37.2648503
"301590","2021-08-23 11:23:51","Rocky Mount Farmers Market","435 Franklin St, Rocky Mount, Virginia 24151",NA,NA,NA,NA,NA,NA,NA,NA,NA,NA,NA,NA,NA,NA,NA,NA,NA,NA,NA,NA,NA,"-79.888073","36.994866","at Citizen Square","Local government building grounds;",NA,"No Indoor;","Organic (USDA Certified);","1","0","0","0","0","0","0","0","0","0","0","0","0","0","0",NA,NA,NA,NA,NA,NA,NA,NA,NA,NA,NA,NA,NA,NA,NA,NA,NA,NA,NA,NA,NA,NA,NA,NA,"Debit card/Credit card;","0","0","0","0","0","1","0","0",NA,NA,"WIC;Senior Farmers Market Nutrition Program;SNAP;Accept EBT at a central location;;","1","1","0","0","1","0","Accept EBT at a central location;","1","0",NA,NA,-79.8918261,36.9970689
"301601","2021-09-27 14:07:30","The Historic City Market","213 Market St SE 3rd Floor, Downtown Roanoke Inc., Roanoke, Virginia 24011",NA,NA,NA,NA,NA,NA,NA,NA,NA,NA,NA,NA,NA,NA,NA,NA,NA,NA,NA,NA,NA,"-79.939064","37.271606",NA,"Local government building grounds;",NA,"No Indoor;","Organic (USDA Certified);","1","0","0","0","0","0","0","0","0","0","0","0","0","0","0",NA,NA,NA,NA,NA,NA,NA,NA,NA,NA,NA,NA,NA,NA,NA,NA,NA,NA,NA,NA,NA,NA,NA,NA,"Debit card/Credit card;","0","0","0","0","0","1","0","0",NA,NA,"SNAP;Accept EBT at a central location;;","0","1","0","0","0","0","Accept EBT at a central location;","1","0",NA,NA,-79.9396877,37.2712554
"313037","2023-03-27 10:47:08","Bedford Farmers Market","220 W Washington St, Bedford, Virginia 24523",NA,NA,NA,NA,NA,NA,NA,NA,NA,NA,NA,NA,NA,NA,NA,NA,NA,NA,NA,NA,NA,"-79.52428483366253","37.333560739947885",NA,NA,NA,NA,NA,NA,NA,NA,NA,NA,NA,NA,NA,NA,NA,NA,NA,NA,NA,NA,NA,NA,NA,NA,NA,NA,NA,NA,NA,NA,NA,NA,NA,NA,NA,NA,NA,NA,NA,NA,NA,NA,NA,NA,NA,NA,NA,NA,NA,NA,NA,NA,NA,NA,NA,NA,NA,NA,NA,NA,NA,NA,NA,NA,NA,NA,NA,-79.5248131,37.3337785
"313038","2023-03-27 10:47:08","Bedford VA Farmers' Market","220 West Washington Street Bedford, VA 24523",NA,NA,NA,NA,NA,NA,NA,NA,NA,NA,NA,NA,NA,NA,NA,NA,NA,NA,NA,NA,NA,"-79.52428483366253","37.333560739947885",NA,NA,NA,NA,NA,NA,NA,NA,NA,NA,NA,NA,NA,NA,NA,NA,NA,NA,NA,NA,NA,NA,NA,NA,NA,NA,NA,NA,NA,NA,NA,NA,NA,NA,NA,NA,NA,NA,NA,NA,NA,NA,NA,NA,NA,NA,NA,NA,NA,NA,NA,NA,NA,NA,NA,NA,NA,NA,NA,NA,NA,NA,NA,NA,NA,NA,NA,-79.5248131,37.3337785
"313040","2023-03-27 10:47:08","Blacksburg Farmers' Market","100 Draper Rd. NW, Blacksburg, VA, 24060",NA,NA,NA,NA,NA,NA,NA,NA,NA,NA,NA,NA,NA,NA,NA,NA,NA,NA,NA,NA,NA,"-80.41481834599834","37.22883813809762",NA,NA,NA,NA,NA,NA,NA,NA,NA,NA,NA,NA,NA,NA,NA,NA,NA,NA,NA,NA,NA,NA,NA,NA,NA,NA,NA,NA,NA,NA,NA,NA,NA,NA,NA,NA,NA,NA,NA,NA,NA,NA,NA,NA,NA,NA,NA,NA,NA,NA,NA,NA,NA,NA,NA,NA,NA,NA,NA,NA,NA,NA,NA,NA,NA,NA,NA,-80.4142866,37.22863
"313070","2023-03-27 10:47:12","Clifton Forge Farmer's Market","501 E. Ridgeway Street Clifton Forge, VA 24422",NA,NA,NA,NA,NA,NA,NA,NA,NA,NA,NA,NA,NA,NA,NA,NA,NA,NA,NA,NA,NA,"-79.82579486345466","37.81565269146731",NA,NA,NA,NA,NA,NA,NA,NA,NA,NA,NA,NA,NA,NA,NA,NA,NA,NA,NA,NA,NA,NA,NA,NA,NA,NA,NA,NA,NA,NA,NA,NA,NA,NA,NA,NA,NA,NA,NA,NA,NA,NA,NA,NA,NA,NA,NA,NA,NA,NA,NA,NA,NA,NA,NA,NA,NA,NA,NA,NA,NA,NA,NA,NA,NA,NA,NA,-79.8255609,37.8156404
"313075","2023-03-27 10:47:12","Community Farmers' Market of Blacksburg","1411 South Main St. Blacksburg, VA 24060",NA,NA,NA,NA,NA,NA,NA,NA,NA,NA,NA,NA,NA,NA,NA,NA,NA,NA,NA,NA,NA,"-80.40050257945775","37.21484949409462",NA,NA,NA,NA,NA,NA,NA,NA,NA,NA,NA,NA,NA,NA,NA,NA,NA,NA,NA,NA,NA,NA,NA,NA,NA,NA,NA,NA,NA,NA,NA,NA,NA,NA,NA,NA,NA,NA,NA,NA,NA,NA,NA,NA,NA,NA,NA,NA,NA,NA,NA,NA,NA,NA,NA,NA,NA,NA,NA,NA,NA,NA,NA,NA,NA,NA,NA,-80.3996215,37.2159863
"313077","2023-03-27 10:47:13","Covington Farmers Market","134 West Main Street Covington, VA 24426",NA,NA,NA,NA,NA,NA,NA,NA,NA,NA,NA,NA,NA,NA,NA,NA,NA,NA,NA,NA,NA,"-79.99368892864155","37.79380113644157",NA,NA,NA,NA,NA,NA,NA,NA,NA,NA,NA,NA,NA,NA,NA,NA,NA,NA,NA,NA,NA,NA,NA,NA,NA,NA,NA,NA,NA,NA,NA,NA,NA,NA,NA,NA,NA,NA,NA,NA,NA,NA,NA,NA,NA,NA,NA,NA,NA,NA,NA,NA,NA,NA,NA,NA,NA,NA,NA,NA,NA,NA,NA,NA,NA,NA,NA,-79.9944903,37.793602
"313081","2023-03-27 10:47:13","Damascus Farmers' Market","208 West Laurel Damascus, VA 24236",NA,NA,NA,NA,NA,NA,NA,NA,NA,NA,NA,NA,NA,NA,NA,NA,NA,NA,NA,NA,NA,"-81.79007530542519","36.63529615547179",NA,NA,NA,NA,NA,NA,NA,NA,NA,NA,NA,NA,NA,NA,NA,NA,NA,NA,NA,NA,NA,NA,NA,NA,NA,NA,NA,NA,NA,NA,NA,NA,NA,NA,NA,NA,NA,NA,NA,NA,NA,NA,NA,NA,NA,NA,NA,NA,NA,NA,NA,NA,NA,NA,NA,NA,NA,NA,NA,NA,NA,NA,NA,NA,NA,NA,NA,-81.7904281,36.6351535
"313082","2023-03-27 10:47:13","Danville Farmers' Market","629 Craghead Street Danville, VA 24541",NA,NA,NA,NA,NA,NA,NA,NA,NA,NA,NA,NA,NA,NA,NA,NA,NA,NA,NA,NA,NA,"-79.38616312921089","36.58476033421397",NA,NA,NA,NA,NA,NA,NA,NA,NA,NA,NA,NA,NA,NA,NA,NA,NA,NA,NA,NA,NA,NA,NA,NA,NA,NA,NA,NA,NA,NA,NA,NA,NA,NA,NA,NA,NA,NA,NA,NA,NA,NA,NA,NA,NA,NA,NA,NA,NA,NA,NA,NA,NA,NA,NA,NA,NA,NA,NA,NA,NA,NA,NA,NA,NA,NA,NA,-79.3830692,36.5853106
"313096","2023-03-27 10:47:15","Famers Market in Christiansburg","100 Radford Street Christiansburg, VA 24073",NA,NA,NA,NA,NA,NA,NA,NA,NA,NA,NA,NA,NA,NA,NA,NA,NA,NA,NA,NA,NA,"-80.41468689496887","37.12713650230298",NA,NA,NA,NA,NA,NA,NA,NA,NA,NA,NA,NA,NA,NA,NA,NA,NA,NA,NA,NA,NA,NA,NA,NA,NA,NA,NA,NA,NA,NA,NA,NA,NA,NA,NA,NA,NA,NA,NA,NA,NA,NA,NA,NA,NA,NA,NA,NA,NA,NA,NA,NA,NA,NA,NA,NA,NA,NA,NA,NA,NA,NA,NA,NA,NA,NA,NA,-80.4155396,37.12685
"313098","2023-03-27 10:47:15","Farmers' Market at Citizen's Square","435 Franklin St. , Historic Downtown Rocky Mount, Rocky Mount, VA, 24151",NA,NA,NA,NA,NA,NA,NA,NA,NA,NA,NA,NA,NA,NA,NA,NA,NA,NA,NA,NA,NA,"-79.89192287369134","36.996808630718526",NA,NA,NA,NA,NA,NA,NA,NA,NA,NA,NA,NA,NA,NA,NA,NA,NA,NA,NA,NA,NA,NA,NA,NA,NA,NA,NA,NA,NA,NA,NA,NA,NA,NA,NA,NA,NA,NA,NA,NA,NA,NA,NA,NA,NA,NA,NA,NA,NA,NA,NA,NA,NA,NA,NA,NA,NA,NA,NA,NA,NA,NA,NA,NA,NA,NA,NA,-79.8918261,36.9970689
"313104","2023-03-27 10:47:16","Floyd Farmers Market","203 South Locust Street Suite H Floyd, VA 24091",NA,NA,NA,NA,NA,NA,NA,NA,NA,NA,NA,NA,NA,NA,NA,NA,NA,NA,NA,NA,NA,"-80.32003939527252","36.910459659945765",NA,NA,NA,NA,NA,NA,NA,NA,NA,NA,NA,NA,NA,NA,NA,NA,NA,NA,NA,NA,NA,NA,NA,NA,NA,NA,NA,NA,NA,NA,NA,NA,NA,NA,NA,NA,NA,NA,NA,NA,NA,NA,NA,NA,NA,NA,NA,NA,NA,NA,NA,NA,NA,NA,NA,NA,NA,NA,NA,NA,NA,NA,NA,NA,NA,NA,NA,-80.3198141,36.9106936
"313114","2023-03-27 10:47:17","Fries Farmers' Market","361 Link Rd. GALAX, VA 24333",NA,NA,NA,NA,NA,NA,NA,NA,NA,NA,NA,NA,NA,NA,NA,NA,NA,NA,NA,NA,NA,"-80.97941540475382","36.6195626059411",NA,NA,NA,NA,NA,NA,NA,NA,NA,NA,NA,NA,NA,NA,NA,NA,NA,NA,NA,NA,NA,NA,NA,NA,NA,NA,NA,NA,NA,NA,NA,NA,NA,NA,NA,NA,NA,NA,NA,NA,NA,NA,NA,NA,NA,NA,NA,NA,NA,NA,NA,NA,NA,NA,NA,NA,NA,NA,NA,NA,NA,NA,NA,NA,NA,NA,NA,-80.9791574,36.6196875
"313131","2023-03-27 10:47:19","Historic Roanoke City Market","213 Market St. SE The Historic City Market Roanoke, VA 24011",NA,NA,NA,NA,NA,NA,NA,NA,NA,NA,NA,NA,NA,NA,NA,NA,NA,NA,NA,NA,NA,"-79.93906944077054","37.271681481610806",NA,NA,NA,NA,NA,NA,NA,NA,NA,NA,NA,NA,NA,NA,NA,NA,NA,NA,NA,NA,NA,NA,NA,NA,NA,NA,NA,NA,NA,NA,NA,NA,NA,NA,NA,NA,NA,NA,NA,NA,NA,NA,NA,NA,NA,NA,NA,NA,NA,NA,NA,NA,NA,NA,NA,NA,NA,NA,NA,NA,NA,NA,NA,NA,NA,NA,NA,-79.9396877,37.2712554
"313140","2023-03-27 10:47:20","LEAP Mobile Market","2750 Hoover St. NW Roanoke, VA 24017 The LEAP Mobile Market brings local, healthy, and fresh food to Roanoke neighborhoods that otherwise lack easy access to fresh produce. All stops are open to the p",NA,NA,NA,NA,NA,NA,NA,NA,NA,NA,NA,NA,NA,NA,NA,NA,NA,NA,NA,NA,NA,"-79.97855222817887","37.29242580750908",NA,NA,NA,NA,NA,NA,NA,NA,NA,NA,NA,NA,NA,NA,NA,NA,NA,NA,NA,NA,NA,NA,NA,NA,NA,NA,NA,NA,NA,NA,NA,NA,NA,NA,NA,NA,NA,NA,NA,NA,NA,NA,NA,NA,NA,NA,NA,NA,NA,NA,NA,NA,NA,NA,NA,NA,NA,NA,NA,NA,NA,NA,NA,NA,NA,NA,NA,-79.978946,37.2923564
"313141","2023-03-27 10:47:20","Lebanon Farmers Market","137 Highland Dr, Lebanon, Virginia 24266",NA,NA,NA,NA,NA,NA,NA,NA,NA,NA,NA,NA,NA,NA,NA,NA,NA,NA,NA,NA,NA,"-82.06886142191857","36.90363665557739",NA,NA,NA,NA,NA,NA,NA,NA,NA,NA,NA,NA,NA,NA,NA,NA,NA,NA,NA,NA,NA,NA,NA,NA,NA,NA,NA,NA,NA,NA,NA,NA,NA,NA,NA,NA,NA,NA,NA,NA,NA,NA,NA,NA,NA,NA,NA,NA,NA,NA,NA,NA,NA,NA,NA,NA,NA,NA,NA,NA,NA,NA,NA,NA,NA,NA,NA,-82.0693779,36.9047914
"313152","2023-03-27 10:47:21","Marion Regional Farmers Market","210 E Cherry St, Marion, Virginia 24354",NA,NA,NA,NA,NA,NA,NA,NA,NA,NA,NA,NA,NA,NA,NA,NA,NA,NA,NA,NA,NA,"-81.52116652814962","36.83093419140096",NA,NA,NA,NA,NA,NA,NA,NA,NA,NA,NA,NA,NA,NA,NA,NA,NA,NA,NA,NA,NA,NA,NA,NA,NA,NA,NA,NA,NA,NA,NA,NA,NA,NA,NA,NA,NA,NA,NA,NA,NA,NA,NA,NA,NA,NA,NA,NA,NA,NA,NA,NA,NA,NA,NA,NA,NA,NA,NA,NA,NA,NA,NA,NA,NA,NA,NA,-81.5168716,36.832894
"313156","2023-03-27 10:47:21","Martinsville Uptown Farmers' Market","65 W Main St, Martinsville, Virginia 24112",NA,NA,NA,NA,NA,NA,NA,NA,NA,NA,NA,NA,NA,NA,NA,NA,NA,NA,NA,NA,NA,"-79.87449759921232","36.69208431261579",NA,NA,NA,NA,NA,NA,NA,NA,NA,NA,NA,NA,NA,NA,NA,NA,NA,NA,NA,NA,NA,NA,NA,NA,NA,NA,NA,NA,NA,NA,NA,NA,NA,NA,NA,NA,NA,NA,NA,NA,NA,NA,NA,NA,NA,NA,NA,NA,NA,NA,NA,NA,NA,NA,NA,NA,NA,NA,NA,NA,NA,NA,NA,NA,NA,NA,NA,-79.8752492,36.6920172
"313165","2023-03-27 10:47:22","Narrows Farmers Market","135 Monroe St, Narrows, Virginia 24124",NA,NA,NA,NA,NA,NA,NA,NA,NA,NA,NA,NA,NA,NA,NA,NA,NA,NA,NA,NA,NA,"-80.81183144223135","37.33101560962183",NA,NA,NA,NA,NA,NA,NA,NA,NA,NA,NA,NA,NA,NA,NA,NA,NA,NA,NA,NA,NA,NA,NA,NA,NA,NA,NA,NA,NA,NA,NA,NA,NA,NA,NA,NA,NA,NA,NA,NA,NA,NA,NA,NA,NA,NA,NA,NA,NA,NA,NA,NA,NA,NA,NA,NA,NA,NA,NA,NA,NA,NA,NA,NA,NA,NA,NA,-80.8115517,37.3308707
"313171","2023-03-27 10:47:23","Norton Friends and Farmer's Market","815 Park Avenue, SW Norton, VA 24273",NA,NA,NA,NA,NA,NA,NA,NA,NA,NA,NA,NA,NA,NA,NA,NA,NA,NA,NA,NA,NA,"-82.63013982137588","36.933519922492316",NA,NA,NA,NA,NA,NA,NA,NA,NA,NA,NA,NA,NA,NA,NA,NA,NA,NA,NA,NA,NA,NA,NA,NA,NA,NA,NA,NA,NA,NA,NA,NA,NA,NA,NA,NA,NA,NA,NA,NA,NA,NA,NA,NA,NA,NA,NA,NA,NA,NA,NA,NA,NA,NA,NA,NA,NA,NA,NA,NA,NA,NA,NA,NA,NA,NA,NA,-82.6301178,36.9332245
"313179","2023-03-27 10:47:24","Pearisburg Farmers' Market","1410 Wenonah Ave., Pearisburg, VA, 24134",NA,NA,NA,NA,NA,NA,NA,NA,NA,NA,NA,NA,NA,NA,NA,NA,NA,NA,NA,NA,NA,"-80.71934926069545","37.3263916951585",NA,NA,NA,NA,NA,NA,NA,NA,NA,NA,NA,NA,NA,NA,NA,NA,NA,NA,NA,NA,NA,NA,NA,NA,NA,NA,NA,NA,NA,NA,NA,NA,NA,NA,NA,NA,NA,NA,NA,NA,NA,NA,NA,NA,NA,NA,NA,NA,NA,NA,NA,NA,NA,NA,NA,NA,NA,NA,NA,NA,NA,NA,NA,NA,NA,NA,NA,-80.719386,37.3249743
"313186","2023-03-27 10:47:25","Pulaski Farmers Market","67 Commerce Street Pulaski, VA 24301",NA,NA,NA,NA,NA,NA,NA,NA,NA,NA,NA,NA,NA,NA,NA,NA,NA,NA,NA,NA,NA,"-80.7815687746367","37.04600607961743",NA,NA,NA,NA,NA,NA,NA,NA,NA,NA,NA,NA,NA,NA,NA,NA,NA,NA,NA,NA,NA,NA,NA,NA,NA,NA,NA,NA,NA,NA,NA,NA,NA,NA,NA,NA,NA,NA,NA,NA,NA,NA,NA,NA,NA,NA,NA,NA,NA,NA,NA,NA,NA,NA,NA,NA,NA,NA,NA,NA,NA,NA,NA,NA,NA,NA,NA,-80.7814255,37.0452059
"313187","2023-03-27 10:47:25","Pulaski Farmers' Market - The Marketplace","20 South Washington Ave. Pulaski, VA 24301",NA,NA,NA,NA,NA,NA,NA,NA,NA,NA,NA,NA,NA,NA,NA,NA,NA,NA,NA,NA,NA,"-80.77998195659501","37.04628343026569",NA,NA,NA,NA,NA,NA,NA,NA,NA,NA,NA,NA,NA,NA,NA,NA,NA,NA,NA,NA,NA,NA,NA,NA,NA,NA,NA,NA,NA,NA,NA,NA,NA,NA,NA,NA,NA,NA,NA,NA,NA,NA,NA,NA,NA,NA,NA,NA,NA,NA,NA,NA,NA,NA,NA,NA,NA,NA,NA,NA,NA,NA,NA,NA,NA,NA,NA,-80.7792886,37.0458736
"313189","2023-03-27 10:47:25","Radford Farmers Market","1100 Block of East Main Street Norwood Sq. parking lot Radford, VA 24141",NA,NA,NA,NA,NA,NA,NA,NA,NA,NA,NA,NA,NA,NA,NA,NA,NA,NA,NA,NA,NA,"-80.55788947800214","37.1409581514263",NA,NA,NA,NA,NA,NA,NA,NA,NA,NA,NA,NA,NA,NA,NA,NA,NA,NA,NA,NA,NA,NA,NA,NA,NA,NA,NA,NA,NA,NA,NA,NA,NA,NA,NA,NA,NA,NA,NA,NA,NA,NA,NA,NA,NA,NA,NA,NA,NA,NA,NA,NA,NA,NA,NA,NA,NA,NA,NA,NA,NA,NA,NA,NA,NA,NA,NA,-80.5903673,37.1149968
"313195","2023-03-27 10:47:26","Roanoke City Market","Market Square SE, Roanoke, Virginia 24011",NA,NA,NA,NA,NA,NA,NA,NA,NA,NA,NA,NA,NA,NA,NA,NA,NA,NA,NA,NA,NA,"-79.93906542357462","37.271792613978334",NA,NA,NA,NA,NA,NA,NA,NA,NA,NA,NA,NA,NA,NA,NA,NA,NA,NA,NA,NA,NA,NA,NA,NA,NA,NA,NA,NA,NA,NA,NA,NA,NA,NA,NA,NA,NA,NA,NA,NA,NA,NA,NA,NA,NA,NA,NA,NA,NA,NA,NA,NA,NA,NA,NA,NA,NA,NA,NA,NA,NA,NA,NA,NA,NA,NA,NA,-79.9390471,37.2717909
"313196","2023-03-27 10:47:26","Roanoke Historic City Market","Market Square, Downtown Roanoke Roanoke, VA 24011",NA,NA,NA,NA,NA,NA,NA,NA,NA,NA,NA,NA,NA,NA,NA,NA,NA,NA,NA,NA,NA,"-79.93906542357462","37.271792613978334",NA,NA,NA,NA,NA,NA,NA,NA,NA,NA,NA,NA,NA,NA,NA,NA,NA,NA,NA,NA,NA,NA,NA,NA,NA,NA,NA,NA,NA,NA,NA,NA,NA,NA,NA,NA,NA,NA,NA,NA,NA,NA,NA,NA,NA,NA,NA,NA,NA,NA,NA,NA,NA,NA,NA,NA,NA,NA,NA,NA,NA,NA,NA,NA,NA,NA,NA,-79.9390471,37.2717909
"313198","2023-03-27 10:47:26","Rural Retreat Farmers Market at the Depot","P.O. Box 843 Rural Retreat, VA 24368",NA,NA,NA,NA,NA,NA,NA,NA,NA,NA,NA,NA,NA,NA,NA,NA,NA,NA,NA,NA,NA,"-81.27844439999996","36.89600290000004",NA,NA,NA,NA,NA,NA,NA,NA,NA,NA,NA,NA,NA,NA,NA,NA,NA,NA,NA,NA,NA,NA,NA,NA,NA,NA,NA,NA,NA,NA,NA,NA,NA,NA,NA,NA,NA,NA,NA,NA,NA,NA,NA,NA,NA,NA,NA,NA,NA,NA,NA,NA,NA,NA,NA,NA,NA,NA,NA,NA,NA,NA,NA,NA,NA,NA,NA,-81.2759341,36.8937298
"313221","2023-03-27 10:47:29","Southwest Virginia Farmers' Market","497 Farmers Market Dr., Hillsville, VA, 24343",NA,NA,NA,NA,NA,NA,NA,NA,NA,NA,NA,NA,NA,NA,NA,NA,NA,NA,NA,NA,NA,"-80.77078427458244","36.738822183071115",NA,NA,NA,NA,NA,NA,NA,NA,NA,NA,NA,NA,NA,NA,NA,NA,NA,NA,NA,NA,NA,NA,NA,NA,NA,NA,NA,NA,NA,NA,NA,NA,NA,NA,NA,NA,NA,NA,NA,NA,NA,NA,NA,NA,NA,NA,NA,NA,NA,NA,NA,NA,NA,NA,NA,NA,NA,NA,NA,NA,NA,NA,NA,NA,NA,NA,NA,-80.7724464,36.7420716
"313230","2023-03-27 10:47:30","Stuart Farmers Market","320 Chestnut Street Stuart, VA 24171",NA,NA,NA,NA,NA,NA,NA,NA,NA,NA,NA,NA,NA,NA,NA,NA,NA,NA,NA,NA,NA,"-80.26863186060224","36.638587208967245",NA,NA,NA,NA,NA,NA,NA,NA,NA,NA,NA,NA,NA,NA,NA,NA,NA,NA,NA,NA,NA,NA,NA,NA,NA,NA,NA,NA,NA,NA,NA,NA,NA,NA,NA,NA,NA,NA,NA,NA,NA,NA,NA,NA,NA,NA,NA,NA,NA,NA,NA,NA,NA,NA,NA,NA,NA,NA,NA,NA,NA,NA,NA,NA,NA,NA,NA,-80.268812,36.6375158
"313235","2023-03-27 10:47:30","Tazewell Farmers Market","5350 Witten Valley Road TAZEWELL, VA 24651",NA,NA,NA,NA,NA,NA,NA,NA,NA,NA,NA,NA,NA,NA,NA,NA,NA,NA,NA,NA,NA,"-81.56720211063615","37.099048262261846",NA,NA,NA,NA,NA,NA,NA,NA,NA,NA,NA,NA,NA,NA,NA,NA,NA,NA,NA,NA,NA,NA,NA,NA,NA,NA,NA,NA,NA,NA,NA,NA,NA,NA,NA,NA,NA,NA,NA,NA,NA,NA,NA,NA,NA,NA,NA,NA,NA,NA,NA,NA,NA,NA,NA,NA,NA,NA,NA,NA,NA,NA,NA,NA,NA,NA,NA,-81.5665258,37.0970863
"313236","2023-03-27 10:47:30","The Bedford Farmer Managed Market, LLC","PO Box 506 BEDFORD, VA 24523",NA,NA,NA,NA,NA,NA,NA,NA,NA,NA,NA,NA,NA,NA,NA,NA,NA,NA,NA,NA,NA,"-79.52289999999994","37.33428500000008",NA,NA,NA,NA,NA,NA,NA,NA,NA,NA,NA,NA,NA,NA,NA,NA,NA,NA,NA,NA,NA,NA,NA,NA,NA,NA,NA,NA,NA,NA,NA,NA,NA,NA,NA,NA,NA,NA,NA,NA,NA,NA,NA,NA,NA,NA,NA,NA,NA,NA,NA,NA,NA,NA,NA,NA,NA,NA,NA,NA,NA,NA,NA,NA,NA,NA,NA,-79.5230877,37.3343079
"313241","2023-03-27 10:47:31","The Marketplace","20 South Washington Street Pulaski, VA 24301",NA,NA,NA,NA,NA,NA,NA,NA,NA,NA,NA,NA,NA,NA,NA,NA,NA,NA,NA,NA,NA,"-80.7792779900037","37.04586199347203",NA,NA,NA,NA,NA,NA,NA,NA,NA,NA,NA,NA,NA,NA,NA,NA,NA,NA,NA,NA,NA,NA,NA,NA,NA,NA,NA,NA,NA,NA,NA,NA,NA,NA,NA,NA,NA,NA,NA,NA,NA,NA,NA,NA,NA,NA,NA,NA,NA,NA,NA,NA,NA,NA,NA,NA,NA,NA,NA,NA,NA,NA,NA,NA,NA,NA,NA,-80.7792886,37.0458736
"313251","2023-03-27 10:47:32","Town of Gate City Farmer's Market","156 E Jackson St, Gate City, Virginia 24251",NA,NA,NA,NA,NA,NA,NA,NA,NA,NA,NA,NA,NA,NA,NA,NA,NA,NA,NA,NA,NA,"-82.57848442438934","36.63968208489487",NA,NA,NA,NA,NA,NA,NA,NA,NA,NA,NA,NA,NA,NA,NA,NA,NA,NA,NA,NA,NA,NA,NA,NA,NA,NA,NA,NA,NA,NA,NA,NA,NA,NA,NA,NA,NA,NA,NA,NA,NA,NA,NA,NA,NA,NA,NA,NA,NA,NA,NA,NA,NA,NA,NA,NA,NA,NA,NA,NA,NA,NA,NA,NA,NA,NA,NA,-82.5784062,36.6395791
"313253","2023-03-27 10:47:32","Town of Hillsville Farmers Market","405 N Main St, Hillsville, Virginia 24343",NA,NA,NA,NA,NA,NA,NA,NA,NA,NA,NA,NA,NA,NA,NA,NA,NA,NA,NA,NA,NA,"-80.73671533822964","36.765828130099955",NA,NA,NA,NA,NA,NA,NA,NA,NA,NA,NA,NA,NA,NA,NA,NA,NA,NA,NA,NA,NA,NA,NA,NA,NA,NA,NA,NA,NA,NA,NA,NA,NA,NA,NA,NA,NA,NA,NA,NA,NA,NA,NA,NA,NA,NA,NA,NA,NA,NA,NA,NA,NA,NA,NA,NA,NA,NA,NA,NA,NA,NA,NA,NA,NA,NA,NA,-80.7362802,36.7660322
"313262","2023-03-27 10:47:33","Virginia Grown Farmers Market at the Olde Dominion Ag Ctr","19783 US Hwy. 29 South Chatham, VA 24531",NA,NA,NA,NA,NA,NA,NA,NA,NA,NA,NA,NA,NA,NA,NA,NA,NA,NA,NA,NA,NA,"-79.40281903725969","36.86485069389514",NA,NA,NA,NA,NA,NA,NA,NA,NA,NA,NA,NA,NA,NA,NA,NA,NA,NA,NA,NA,NA,NA,NA,NA,NA,NA,NA,NA,NA,NA,NA,NA,NA,NA,NA,NA,NA,NA,NA,NA,NA,NA,NA,NA,NA,NA,NA,NA,NA,NA,NA,NA,NA,NA,NA,NA,NA,NA,NA,NA,NA,NA,NA,NA,NA,NA,NA,-79.4036474,36.8641553
"313270","2023-03-27 10:47:34","West End Farmers Market","1210 Patterson Avenue SW Roanoke, VA 24016 Under the covered pavilion behind Freedom First Credit Union",NA,NA,NA,NA,NA,NA,NA,NA,NA,NA,NA,NA,NA,NA,NA,NA,NA,NA,NA,NA,NA,"-79.96225896910735","37.27229642750735",NA,NA,NA,NA,NA,NA,NA,NA,NA,NA,NA,NA,NA,NA,NA,NA,NA,NA,NA,NA,NA,NA,NA,NA,NA,NA,NA,NA,NA,NA,NA,NA,NA,NA,NA,NA,NA,NA,NA,NA,NA,NA,NA,NA,NA,NA,NA,NA,NA,NA,NA,NA,NA,NA,NA,NA,NA,NA,NA,NA,NA,NA,NA,NA,NA,NA,NA,-79.9626097,37.2721019
"313279","2023-03-27 10:47:35","Wise Farmers' Market","309 E Main St, Wise, Virginia 24293",NA,NA,NA,NA,NA,NA,NA,NA,NA,NA,NA,NA,NA,NA,NA,NA,NA,NA,NA,NA,NA,"-82.57834982324603","36.97690546823793",NA,NA,NA,NA,NA,NA,NA,NA,NA,NA,NA,NA,NA,NA,NA,NA,NA,NA,NA,NA,NA,NA,NA,NA,NA,NA,NA,NA,NA,NA,NA,NA,NA,NA,NA,NA,NA,NA,NA,NA,NA,NA,NA,NA,NA,NA,NA,NA,NA,NA,NA,NA,NA,NA,NA,NA,NA,NA,NA,NA,NA,NA,NA,NA,NA,NA,NA,-82.5781058,36.9774706
